test,test
test,test
test,test
test,test
test,test
test,test
test,test
test,test
test,test
test,test
test,test
test,test
test,test
test,test
test,test
test,test
test,test
test,test
test,test
test,test
test,test
test,test
test,test
test,test
test,test
test,test
test,test
test,test
test,test
test,test
test,test
test,test
test,test
test,test
test,test
test,test
test,test
test,test
test,test
test,test
test,test
test,test
test,test
test,test
test,test
test,test
test,test
test,test
test,test
test,test
test,test
test,test
test,test
test,test
test,test
test,test
test,test
test,test
test,test
test,test
test,test
test,test
test,test
test,test
test,test
test,test
test,test
test,test
test,test
test,test
test,test
test,test
test,test
test,test
test,test
test,test
test,test
test,test
test,test
test,test
test,test
test,test
test,test
test,test
test,test
test,test
test,test
test,test
test,test
test,test
test,test
test,test
test,test
test,test
test,test
test,test
test,test
test,test
test,test
MixoMax,ºîßŞììŞçª
